{
    "info": {
        "year": "2021",
        "version": "1",
        "description": "Exported from roboflow.ai",
        "contributor": "",
        "url": "https://app.roboflow.ai/datasets/ovos/1",
        "date_created": "2021-04-27T21:52:23+00:00"
    },
    "licenses": [
        {
            "id": 1,
            "url": "",
            "name": "Unknown"
        }
    ],
    "categories": [
        {
            "id": 0,
            "name": "ovos",
            "supercategory": "none"
        },
        {
            "id": 1,
            "name": "ovo",
            "supercategory": "ovos"
        }
    ],
    "images": [
        {
            "id": 0,
            "license": 1,
            "file_name": "6_png_jpg.rf.7c41629cb02137f1583e554efcd31c82.jpg",
            "height": 416,
            "width": 416,
            "date_captured": "2021-04-27T21:52:23+00:00"
        },
        {
            "id": 1,
            "license": 1,
            "file_name": "7_png_jpg.rf.8ee3174381f854422ac5b6642a91d92b.jpg",
            "height": 416,
            "width": 416,
            "date_captured": "2021-04-27T21:52:23+00:00"
        },
        {
            "id": 2,
            "license": 1,
            "file_name": "8_png_jpg.rf.7c63f844d75cf50b9fa35604b1a573c2.jpg",
            "height": 416,
            "width": 416,
            "date_captured": "2021-04-27T21:52:23+00:00"
        },
        {
            "id": 3,
            "license": 1,
            "file_name": "3_png_jpg.rf.084889c3e484590ea63cb074c19ef8b5.jpg",
            "height": 416,
            "width": 416,
            "date_captured": "2021-04-27T21:52:23+00:00"
        },
        {
            "id": 4,
            "license": 1,
            "file_name": "4_png_jpg.rf.eb0d9261f1397f6320afd671fa136c8e.jpg",
            "height": 416,
            "width": 416,
            "date_captured": "2021-04-27T21:52:23+00:00"
        },
        {
            "id": 5,
            "license": 1,
            "file_name": "2_png_jpg.rf.35288a2a938dc5fc3393a4d95137a06c.jpg",
            "height": 416,
            "width": 416,
            "date_captured": "2021-04-27T21:52:23+00:00"
        },
        {
            "id": 6,
            "license": 1,
            "file_name": "1_png_jpg.rf.8e420dc18af5d4d0e56bf7645afe2c65.jpg",
            "height": 416,
            "width": 416,
            "date_captured": "2021-04-27T21:52:23+00:00"
        },
        {
            "id": 7,
            "license": 1,
            "file_name": "5_png_jpg.rf.c5511e67bca927d8b9ac0729d9c2157a.jpg",
            "height": 416,
            "width": 416,
            "date_captured": "2021-04-27T21:52:23+00:00"
        }
    ],
    "annotations": [
        {
            "id": 0,
            "image_id": 0,
            "category_id": 1,
            "bbox": [
                219,
                208,
                36,
                23.5
            ],
            "area": 846,
            "segmentation": [],
            "iscrowd": 0
        },
        {
            "id": 1,
            "image_id": 0,
            "category_id": 1,
            "bbox": [
                198,
                218,
                36.5,
                19
            ],
            "area": 693.5,
            "segmentation": [],
            "iscrowd": 0
        },
        {
            "id": 2,
            "image_id": 0,
            "category_id": 1,
            "bbox": [
                228,
                19,
                34.5,
                15.5
            ],
            "area": 534.75,
            "segmentation": [],
            "iscrowd": 0
        },
        {
            "id": 3,
            "image_id": 0,
            "category_id": 1,
            "bbox": [
                218,
                289,
                40.5,
                41.5
            ],
            "area": 1680.75,
            "segmentation": [],
            "iscrowd": 0
        },
        {
            "id": 4,
            "image_id": 0,
            "category_id": 1,
            "bbox": [
                181,
                363,
                46.5,
                37
            ],
            "area": 1720.5,
            "segmentation": [],
            "iscrowd": 0
        },
        {
            "id": 5,
            "image_id": 0,
            "category_id": 1,
            "bbox": [
                172,
                51,
                30.5,
                25
            ],
            "area": 762.5,
            "segmentation": [],
            "iscrowd": 0
        },
        {
            "id": 6,
            "image_id": 0,
            "category_id": 1,
            "bbox": [
                213,
                103,
                36.5,
                21.5
            ],
            "area": 784.75,
            "segmentation": [],
            "iscrowd": 0
        },
        {
            "id": 7,
            "image_id": 0,
            "category_id": 1,
            "bbox": [
                185,
                167,
                45,
                30
            ],
            "area": 1350,
            "segmentation": [],
            "iscrowd": 0
        },
        {
            "id": 8,
            "image_id": 0,
            "category_id": 1,
            "bbox": [
                196,
                13,
                36,
                15.5
            ],
            "area": 558,
            "segmentation": [],
            "iscrowd": 0
        },
        {
            "id": 9,
            "image_id": 1,
            "category_id": 1,
            "bbox": [
                268,
                7,
                42.5,
                46.5
            ],
            "area": 1976.25,
            "segmentation": [],
            "iscrowd": 0
        },
        {
            "id": 10,
            "image_id": 1,
            "category_id": 1,
            "bbox": [
                51,
                363,
                46.5,
                51
            ],
            "area": 2371.5,
            "segmentation": [],
            "iscrowd": 0
        },
        {
            "id": 11,
            "image_id": 1,
            "category_id": 1,
            "bbox": [
                244,
                60,
                44.5,
                36.5
            ],
            "area": 1624.25,
            "segmentation": [],
            "iscrowd": 0
        },
        {
            "id": 12,
            "image_id": 1,
            "category_id": 1,
            "bbox": [
                79,
                53,
                47,
                52
            ],
            "area": 2444,
            "segmentation": [],
            "iscrowd": 0
        },
        {
            "id": 13,
            "image_id": 1,
            "category_id": 1,
            "bbox": [
                247,
                125,
                48,
                47.5
            ],
            "area": 2280,
            "segmentation": [],
            "iscrowd": 0
        },
        {
            "id": 14,
            "image_id": 1,
            "category_id": 1,
            "bbox": [
                88,
                164,
                48,
                51
            ],
            "area": 2448,
            "segmentation": [],
            "iscrowd": 0
        },
        {
            "id": 15,
            "image_id": 2,
            "category_id": 1,
            "bbox": [
                76,
                237,
                39.5,
                30.5
            ],
            "area": 1204.75,
            "segmentation": [],
            "iscrowd": 0
        },
        {
            "id": 16,
            "image_id": 2,
            "category_id": 1,
            "bbox": [
                134,
                241,
                35,
                29
            ],
            "area": 1015,
            "segmentation": [],
            "iscrowd": 0
        },
        {
            "id": 17,
            "image_id": 2,
            "category_id": 1,
            "bbox": [
                140,
                287,
                35,
                29
            ],
            "area": 1015,
            "segmentation": [],
            "iscrowd": 0
        },
        {
            "id": 18,
            "image_id": 2,
            "category_id": 1,
            "bbox": [
                79,
                317,
                38,
                29
            ],
            "area": 1102,
            "segmentation": [],
            "iscrowd": 0
        },
        {
            "id": 19,
            "image_id": 2,
            "category_id": 1,
            "bbox": [
                177,
                356,
                38.5,
                32.5
            ],
            "area": 1251.25,
            "segmentation": [],
            "iscrowd": 0
        },
        {
            "id": 20,
            "image_id": 2,
            "category_id": 1,
            "bbox": [
                133,
                358,
                38.5,
                34
            ],
            "area": 1309,
            "segmentation": [],
            "iscrowd": 0
        },
        {
            "id": 21,
            "image_id": 2,
            "category_id": 1,
            "bbox": [
                108,
                34,
                33.5,
                42
            ],
            "area": 1407,
            "segmentation": [],
            "iscrowd": 0
        },
        {
            "id": 22,
            "image_id": 2,
            "category_id": 1,
            "bbox": [
                127,
                82,
                37,
                33
            ],
            "area": 1221,
            "segmentation": [],
            "iscrowd": 0
        },
        {
            "id": 23,
            "image_id": 2,
            "category_id": 1,
            "bbox": [
                275,
                84,
                39,
                35
            ],
            "area": 1365,
            "segmentation": [],
            "iscrowd": 0
        },
        {
            "id": 24,
            "image_id": 2,
            "category_id": 1,
            "bbox": [
                294,
                119,
                25,
                40
            ],
            "area": 1000,
            "segmentation": [],
            "iscrowd": 0
        },
        {
            "id": 25,
            "image_id": 2,
            "category_id": 1,
            "bbox": [
                322,
                120,
                24,
                47.5
            ],
            "area": 1140,
            "segmentation": [],
            "iscrowd": 0
        },
        {
            "id": 26,
            "image_id": 3,
            "category_id": 1,
            "bbox": [
                158,
                221,
                42,
                42
            ],
            "area": 1764,
            "segmentation": [],
            "iscrowd": 0
        },
        {
            "id": 27,
            "image_id": 3,
            "category_id": 1,
            "bbox": [
                181,
                302,
                41.5,
                51.5
            ],
            "area": 2137.25,
            "segmentation": [],
            "iscrowd": 0
        },
        {
            "id": 28,
            "image_id": 3,
            "category_id": 1,
            "bbox": [
                100,
                331,
                36.5,
                64
            ],
            "area": 2336,
            "segmentation": [],
            "iscrowd": 0
        },
        {
            "id": 29,
            "image_id": 3,
            "category_id": 1,
            "bbox": [
                89,
                9,
                56,
                60
            ],
            "area": 3360,
            "segmentation": [],
            "iscrowd": 0
        },
        {
            "id": 30,
            "image_id": 3,
            "category_id": 1,
            "bbox": [
                161,
                19,
                46.5,
                52
            ],
            "area": 2418,
            "segmentation": [],
            "iscrowd": 0
        },
        {
            "id": 31,
            "image_id": 3,
            "category_id": 1,
            "bbox": [
                294,
                57,
                53.5,
                49
            ],
            "area": 2621.5,
            "segmentation": [],
            "iscrowd": 0
        },
        {
            "id": 32,
            "image_id": 3,
            "category_id": 1,
            "bbox": [
                197,
                62,
                39.5,
                41.5
            ],
            "area": 1639.25,
            "segmentation": [],
            "iscrowd": 0
        },
        {
            "id": 33,
            "image_id": 4,
            "category_id": 1,
            "bbox": [
                272,
                223,
                30.5,
                40.5
            ],
            "area": 1235.25,
            "segmentation": [],
            "iscrowd": 0
        },
        {
            "id": 34,
            "image_id": 4,
            "category_id": 1,
            "bbox": [
                177,
                253,
                33,
                39.5
            ],
            "area": 1303.5,
            "segmentation": [],
            "iscrowd": 0
        },
        {
            "id": 35,
            "image_id": 4,
            "category_id": 1,
            "bbox": [
                213,
                260,
                30.5,
                30
            ],
            "area": 915,
            "segmentation": [],
            "iscrowd": 0
        },
        {
            "id": 36,
            "image_id": 4,
            "category_id": 1,
            "bbox": [
                240,
                258,
                30.5,
                37.5
            ],
            "area": 1143.75,
            "segmentation": [],
            "iscrowd": 0
        },
        {
            "id": 37,
            "image_id": 4,
            "category_id": 1,
            "bbox": [
                135,
                299,
                36.5,
                24
            ],
            "area": 876,
            "segmentation": [],
            "iscrowd": 0
        },
        {
            "id": 38,
            "image_id": 4,
            "category_id": 1,
            "bbox": [
                88,
                10,
                33.5,
                52
            ],
            "area": 1742,
            "segmentation": [],
            "iscrowd": 0
        },
        {
            "id": 39,
            "image_id": 4,
            "category_id": 1,
            "bbox": [
                183,
                378,
                33,
                29.5
            ],
            "area": 973.5,
            "segmentation": [],
            "iscrowd": 0
        },
        {
            "id": 40,
            "image_id": 4,
            "category_id": 1,
            "bbox": [
                211,
                127,
                34.5,
                33
            ],
            "area": 1138.5,
            "segmentation": [],
            "iscrowd": 0
        },
        {
            "id": 41,
            "image_id": 4,
            "category_id": 1,
            "bbox": [
                193,
                133,
                33.5,
                31.5
            ],
            "area": 1055.25,
            "segmentation": [],
            "iscrowd": 0
        },
        {
            "id": 42,
            "image_id": 4,
            "category_id": 1,
            "bbox": [
                169,
                145,
                38.5,
                24.5
            ],
            "area": 943.25,
            "segmentation": [],
            "iscrowd": 0
        },
        {
            "id": 43,
            "image_id": 5,
            "category_id": 1,
            "bbox": [
                212,
                286,
                34.5,
                30
            ],
            "area": 1035,
            "segmentation": [],
            "iscrowd": 0
        },
        {
            "id": 44,
            "image_id": 5,
            "category_id": 1,
            "bbox": [
                189,
                295,
                39.5,
                24.5
            ],
            "area": 967.75,
            "segmentation": [],
            "iscrowd": 0
        },
        {
            "id": 45,
            "image_id": 5,
            "category_id": 1,
            "bbox": [
                289,
                348,
                40,
                27.5
            ],
            "area": 1100,
            "segmentation": [],
            "iscrowd": 0
        },
        {
            "id": 46,
            "image_id": 5,
            "category_id": 1,
            "bbox": [
                82,
                358,
                39.5,
                30
            ],
            "area": 1185,
            "segmentation": [],
            "iscrowd": 0
        },
        {
            "id": 47,
            "image_id": 5,
            "category_id": 1,
            "bbox": [
                281,
                371,
                52.5,
                16
            ],
            "area": 840,
            "segmentation": [],
            "iscrowd": 0
        },
        {
            "id": 48,
            "image_id": 5,
            "category_id": 1,
            "bbox": [
                192,
                74,
                37,
                28.5
            ],
            "area": 1054.5,
            "segmentation": [],
            "iscrowd": 0
        },
        {
            "id": 49,
            "image_id": 5,
            "category_id": 1,
            "bbox": [
                228,
                79,
                34.5,
                27
            ],
            "area": 931.5,
            "segmentation": [],
            "iscrowd": 0
        },
        {
            "id": 50,
            "image_id": 5,
            "category_id": 1,
            "bbox": [
                169,
                191,
                40,
                24.5
            ],
            "area": 980,
            "segmentation": [],
            "iscrowd": 0
        },
        {
            "id": 51,
            "image_id": 6,
            "category_id": 1,
            "bbox": [
                89,
                258,
                33.5,
                28
            ],
            "area": 938,
            "segmentation": [],
            "iscrowd": 0
        },
        {
            "id": 52,
            "image_id": 6,
            "category_id": 1,
            "bbox": [
                124,
                264,
                40.5,
                25
            ],
            "area": 1012.5,
            "segmentation": [],
            "iscrowd": 0
        },
        {
            "id": 53,
            "image_id": 6,
            "category_id": 1,
            "bbox": [
                246,
                267,
                37.5,
                29.5
            ],
            "area": 1106.25,
            "segmentation": [],
            "iscrowd": 0
        },
        {
            "id": 54,
            "image_id": 6,
            "category_id": 1,
            "bbox": [
                8,
                298,
                40.5,
                20.5
            ],
            "area": 830.25,
            "segmentation": [],
            "iscrowd": 0
        },
        {
            "id": 55,
            "image_id": 6,
            "category_id": 1,
            "bbox": [
                364,
                294,
                37,
                32.5
            ],
            "area": 1202.5,
            "segmentation": [],
            "iscrowd": 0
        },
        {
            "id": 56,
            "image_id": 6,
            "category_id": 1,
            "bbox": [
                137,
                331,
                32,
                43.5
            ],
            "area": 1392,
            "segmentation": [],
            "iscrowd": 0
        },
        {
            "id": 57,
            "image_id": 6,
            "category_id": 1,
            "bbox": [
                91,
                55,
                33,
                32.5
            ],
            "area": 1072.5,
            "segmentation": [],
            "iscrowd": 0
        },
        {
            "id": 58,
            "image_id": 6,
            "category_id": 1,
            "bbox": [
                71,
                63,
                35,
                30
            ],
            "area": 1050,
            "segmentation": [],
            "iscrowd": 0
        },
        {
            "id": 59,
            "image_id": 6,
            "category_id": 1,
            "bbox": [
                168,
                124,
                38.5,
                21
            ],
            "area": 808.5,
            "segmentation": [],
            "iscrowd": 0
        },
        {
            "id": 60,
            "image_id": 6,
            "category_id": 1,
            "bbox": [
                163,
                142,
                45,
                11.5
            ],
            "area": 517.5,
            "segmentation": [],
            "iscrowd": 0
        },
        {
            "id": 61,
            "image_id": 7,
            "category_id": 1,
            "bbox": [
                140,
                356,
                36.5,
                41
            ],
            "area": 1496.5,
            "segmentation": [],
            "iscrowd": 0
        },
        {
            "id": 62,
            "image_id": 7,
            "category_id": 1,
            "bbox": [
                145,
                57,
                44,
                22
            ],
            "area": 968,
            "segmentation": [],
            "iscrowd": 0
        },
        {
            "id": 63,
            "image_id": 7,
            "category_id": 1,
            "bbox": [
                180,
                63,
                18.5,
                50.5
            ],
            "area": 934.25,
            "segmentation": [],
            "iscrowd": 0
        },
        {
            "id": 64,
            "image_id": 7,
            "category_id": 1,
            "bbox": [
                134,
                105,
                44,
                25.5
            ],
            "area": 1122,
            "segmentation": [],
            "iscrowd": 0
        },
        {
            "id": 65,
            "image_id": 7,
            "category_id": 1,
            "bbox": [
                240,
                129,
                31.5,
                33.5
            ],
            "area": 1055.25,
            "segmentation": [],
            "iscrowd": 0
        }
    ]
}